Jira ID,TestScript Name,Jira_tittle
RDKB-1860,TopCheck,Run Top command in DUT
RDKB-1861,Interact,Interact with board
RDKB-1984,BridgedMode,Puts router in bridged mode (other tests may not work after running this)
RDKB-1985,CDrouterStub,First attempt at test that runs a CDrouter job, waits for completion
RDKB-1986,CheckQosScripts,Package "qos-scripts" is not installed
RDKB-1987,Connection_Stress,Measured CPU use while creating thousands of connections.
RDKB-1988,CurlSSLBad,Curl can't access https with bad signature.
RDKB-1989,CurlSSLGood,Curl can access https and verify signature.
RDKB-1990,DelQdisc,Tries to remove qdisc root node
RDKB-1991,DhcpLeaseCheck,Checked dhcp.leases file.
RDKB-1992,DiskUse,Checked disk use.
RDKB-1993,FirewallOFF,Turned router firewall off.
RDKB-1994,FirewallON,Turned router firewall on.
RDKB-1995,IGMPv3_Config,IGMP Proxy daemon mcproxy config is set correctly.
RDKB-1996,IGMPv3_Running,IGMP Proxy daemon mcproxy is up and running.
RDKB-1997,IGMPv3_StopStart,IGMP Proxy daemon mcproxy can be stopped and started without rebooting.
RDKB-1998,IPv6_File_Download,Downloaded file through router using IPv6.
RDKB-1999,IfconfigCheck,Ran 'ifconfig' to check interfaces.
RDKB-2000,InterfacesShow,Used "ip" or "ifconfig" to list interfaces.
RDKB-2001,KernelModules,lsmod shows loaded kernel modules.
RDKB-2002,LanDevPing6Router,Device on LAN can ping6 router.
RDKB-2003,LanDevPing6WanDev,Device on LAN can ping6 through router.
RDKB-2004,LanDevPingInternet,Device on LAN can ping through router to internet.
RDKB-2005,LanDevPingRouter,Device on LAN can ping router.
RDKB-2006,LanDevPingWanDev,Device on LAN can ping through router.
RDKB-2007,LinuxBootTest,Linux Boot Test
RDKB-2008,Logread,Recorded syslog.
RDKB-2009,MemoryUse,Checked memory use.
RDKB-2010,NetperfBidirTest,NetperfbidirTest
RDKB-2011,NetperfRFC2544,Single test to simulate RFC2544
RDKB-2012,NetperfReverseTest,Setup Netperf and Ran Reverse Throughput.
RDKB-2013,NetperfStressTest,Net performance Stres test
RDKB-2014,NetperfTest,Setup Netperf and Ran Throughput.
RDKB-2015,NetperfUdpTest,NetperfUdpTest
RDKB-2016,Netperf_DownTCP1024,Netperf download throughput (TCP, packets size 1024 Bytes).
RDKB-2017,Netperf_DownTCP256,Netperf download throughput (TCP, packets size 256 Bytes).
RDKB-2018,Netperf_DownTCP512,Netperf download throughput (TCP, packets size 512 Bytes).
RDKB-2019,Netperf_UpTCP1024,Netperf upload throughput (TCP, packets size 1024 Bytes).
RDKB-2020,Netperf_UpTCP256,Netperf upload throughput (TCP, packets size 256 Bytes).
RDKB-2021,Netperf_UpTCP512,Netperf upload throughput (TCP, packets size 512 Bytes).
RDKB-2022,Nmap_LAN,Ran nmap port scanning tool on LAN interface.
RDKB-2023,Nmap_WAN,Ran nmap port scanning tool on WAN interface.
RDKB-2024,OEVersion,Record OE version
RDKB-2025,OpenwrtVersion,Openwrt release file exists and contains expected data.
RDKB-2026,OpkgConfNotUpdateMD5,Check that opkg will not overwrite old modified configuration files with known MD5.
RDKB-2027,OpkgConfNotUpdateSHA256,Check that opkg will not overwrite old modified configuration files with known MD5.
RDKB-2028,OpkgConfUpdateMD5,Check that opkg will overwrite old configuration files with known MD5.
RDKB-2029,OpkgConfUpdateSHA256,Check that opkg will overwrite old configuration files with known MD5.
RDKB-2030,OpkgList,Opkg list shows installed packages.
RDKB-2031,OpkgUpdate,Opkg is able to update list of packages.
RDKB-2032,PerfBarrierPerPktTest,Count barrier related perf events on a per packet basis
RDKB-2035,PerfLockPerPktTest,Count lock related perf events on a per packet basis
RDKB-2036,PerfPerPktTest,Count various perf events on a per packet basis
RDKB-2037,PerfPerPktTestWifi,Count various perf events on a per packet basis over wifi
RDKB-2038,PerfUnalignedPerPktTest,Count unaligned load/store perf events on a per packet basis
RDKB-2039,ProcVmstat,Check /proc/vmstat stats.
RDKB-2040,RandomWebBrowse,Created light web traffic.
RDKB-2041,Remove_IPv6_Addresses,Removed IPv6 addresses and default routes for router and devices.
RDKB-2042,RestartNetwork,Restarted router network.
RDKB-2043,RootFSBootTest,Flashed image and booted successfully.
RDKB-2044,RouterPingInternet,Router can ping internet address by IP.
RDKB-2045,RouterPingInternetName,Router can ping internet address by name.
RDKB-2046,RouterPingWanDev,Router can ping device through WAN interface.
RDKB-2047,SambaShare,Setup and run Samba and test connection.
RDKB-2048,Set_IPv6_Addresses,Set IPv6 addresses and default routes for router and devices.
RDKB-2049,Sleep1Minute,Slept 1 minute.
RDKB-2050,Sleep2Minutes,Slept 2 minutes.
RDKB-2051,Sleep5Minutes,Slept 5 minutes.
RDKB-2052,SleepHalfMinute,Slept 30 seconds.
RDKB-2053,SshWanDetect,Can access main web GUI page.
RDKB-2054,SystemdCheckServices,Checks for failed or activating process
RDKB-2055,SystemdSaveJournal,Save the systemd journal to a local file
RDKB-2056,Sysupgrade,Upgrading via sysupgrade works
RDKB-2057,TurnOnWifi,Turn on all WiFi interfaces
RDKB-2058,UBusTestKrouter,Krouter UBus tests
RDKB-2059,UBusTestNetworkRestart,Various UBus tests
RDKB-2060,UBusTestSystemReboot,Various UBus tests
RDKB-2061,UDP_Stress,Ran nmap through router, creating hundreds of UDP connections.
RDKB-2062,UciShow,Dumped all current uci settings.
RDKB-2063,UciShowWireless,UCI lists wifi interfaces.
RDKB-2064,Uname,Checked board system information.
RDKB-2065,WebGUI_Access,Router webpage available to LAN-device at http://192.168.1.1/.
RDKB-2066,WebGUI_NoStackTrace,Router webpage at cgi-bin/luci contains no stack traceback.
RDKB-2067,WebOverview,Check overview page
RDKB-2068,WebTest,Login to LuCI
RDKB-2069,Webserver_Download,Downloaded small file from router webserver in reasonable time.
RDKB-2070,Webserver_Running,Router webserver is running.
RDKB-2071,WiFiMemUse,Measured WiFi memory use when enabled.
RDKB-2072,WiFiOnOffCycle,Enabled and disabled wifi once.
RDKB-2073,WiFiOnOffCycle20,Enabled and disabled wifi 20 times.
RDKB-2074,WiFiOnOffCycle5,Enabled and disabled wifi 5 times.
RDKB-2075,WlanAssociate,Wifi device connected and had internet access.
RDKB-2076,WlanSetSSID,Wifi device came up and was able to set SSID.
RDKB-2077,WlanSetSSID_WPA2PSK,Wifi device came up and was able to set SSID.
RDKB-2078,WlanVAP,Test multiple VAPs up and down
RDKB-2079,iPerf3RTest,iPerf3 reverse generic performance tests
RDKB-2080,iPerf3Test,iPerf3 generic performance tests
RDKB-2081,iPerf3Test2nd,iPerf3 on second server port
RDKB-2082,iPerfBiDirTest,iPerf from LAN to/from WAN
RDKB-2083,iPerfBiDirTestIPV6,iPerf IPV6 from LAN to/from WAN
RDKB-2084,iPerfBiDirTestLANtoWLAN,iPerf from WAN to LAN over Wifi
RDKB-2085,iPerfBiDirTestWLAN,iPerf from WAN to LAN over Wifi
RDKB-2086,iPerfNonRoutedTest,iPerf from LAN to Router
RDKB-2087,iPerfReverseTest,iPerf from WAN to LAN
RDKB-2088,iPerfReverseTestIPV6,iPerf IPV6 from WAN to LAN
RDKB-2089,iPerfReverseTestWLAN,iPerf from WAN to LAN over Wifi
RDKB-2090,iPerfTest,iPerf from LAN to WAN
RDKB-2091,iPerfTestIPV6,iPerf IPV6 from LAN to WAN
RDKB-2092,iPerfTestWLAN,iPerf from LAN to WAN over Wifi
RDKB-2093,iPerfUDPBiDirTest,iPerf from LAN to/from WAN
RDKB-2094,iPerfUDPBiDirTestIPV6,iPerf IPV6 from LAN to/from WAN
RDKB-2095,iPerfUDPBiDirTestWLAN,iPerf from WAN to LAN over Wifi
RDKB-2096,iPerfUDPNonRoutedTest,iPerf from LAN to Router
RDKB-2097,iPerfUDPReverseTest,iPerf from WAN to LAN
RDKB-2098,iPerfUDPReverseTestIPV6,iPerf IPV6 from WAN to LAN
RDKB-2099,iPerfUDPReverseTestWLAN,iPerf from WAN to LAN over Wifi
RDKB-2100,iPerfUDPTest,iPerf from LAN to WAN
RDKB-2101,iPerfUDPTestIPV6,iPerf IPV6 from LAN to WAN
RDKB-2102,iPerfUDPTestWLAN,iPerf from LAN to WAN over Wifi
RDKB-2103,tdkbComponentTest,TDKB component test
RDKB-2104,tdkbComponentTestAdvancedConfig,TDKB component test
RDKB-2105,tdkbComponentTestBasic,TDKB component test
RDKB-2106,tdkbComponentTestExtra,TDKB component test
RDKB-2107,tdkbComponentTestFull,TDKB component test
RDKB-2108,tdkbComponentTestMisc,TDKB component test
RDKB-2109,tdkbComponentTestStub,First attempt at test that runs TDKB component tests, waits for completion, and grabs results
RDKB-2110,tdkbE2ETest,TDKB E2E test (Full)
RDKB-2111,tdkbE2ETestBasic,TDKB E2E test (Basic)
RDKB-2112,tdkbE2ETestSetup,TDKB E2E test (Setup)
RDKB-2113,tdkbE2ETestStandard,TDKB E2E test (Standard)
RDKB-2114,tdkbE2ETestStub,First attempt at test that runs TDKB E2E tests, waits for completion, and grabs results
RDKB-96,TS WIFIAGENT EnableSecurityMode,TS WIFIAGENT EnableSecurityMode
RDKB-93,TS WIFIAGENT SetSessionId,TS WIFIAGENT SetSessionId
RDKB-94,TS WIFIAGENT 5GHZ ChannelBandwidth,TS WIFIAGENT 5GHZ ChannelBandwidth
RDKB-95,TS WIFIAGENT 5GHZ WPSConfigSupported,TS WIFIAGENT 5GHZ WPSConfigSupported
RDKB-96,TS WIFIAGENT EnableSecurityMode,TS WIFIAGENT EnableSecurityMode
RDKB-97,TS WIFIAGENT 5GHZ OperatingFrequencyBands,TS WIFIAGENT 5GHZ OperatingFrequencyBands
RDKB-99,TS WIFIAGENT 5GHZ SupportedFrequencyBands,TS WIFIAGENT 5GHZ SupportedFrequencyBands
RDKB-100,TS WIFIAGENT 5GHZ GetOperatingStandard,TS WIFIAGENT 5GHZ GetOperatingStandard
RDKB-101,TS WIFIAGENT 5GHZ WPSConfigEnabled,TS WIFIAGENT 5GHZ WPSConfigEnabled
RDKB-109,TS WIFIAGENT 5GHZ SupportedStandards,TS WIFIAGENT 5GHZ SupportedStandards
RDKB-108,TS WIFIAGENT 5GHZ RadioLowerLayer,TS WIFIAGENT 5GHZ RadioLowerLayer
RDKB-107,TS WIFIAGENT EnableUAPSD,TS WIFIAGENT EnableUAPSD
RDKB-106,TS WIFIAGENT SetAttributes,TS WIFIAGENT SetAttributes
RDKB-105,TS WIFIAGENT AccessPointRetryLimit,TS WIFIAGENT AccessPointRetryLimit
RDKB-104,TS WIFIAGENT 5GHZ ExtensionChannel,TS WIFIAGENT 5GHZ ExtensionChannel
RDKB-103,TS WIFIAGENT GetValuesOfWMMCapabilitANdUAPSDCapability,TS WIFIAGENT GetValuesOfWMMCapabilitANdUAPSDCapability
RDKB-102,TS WIFIAGENT 5GHZ SetChannel,TS WIFIAGENT 5GHZ SetChannel
RDKB-119,TS WIFIAGENT EnableAccessPoint,TS WIFIAGENT EnableAccessPoint
RDKB-118,TS WIFIAGENT GetNumberOfEntries,TS WIFIAGENT GetNumberOfEntries
RDKB-117,TS WIFIAGENT 5GHZ AutoChannelSupported,TS WIFIAGENT 5GHZ AutoChannelSupported
RDKB-116,TS WIFIAGENT 5GHZ ManualToAutoChannel,TS WIFIAGENT 5GHZ ManualToAutoChannel
RDKB-115,TS WIFIAGENT EnableAccessPointSSIDAdvertisement,TS WIFIAGENT EnableAccessPointSSIDAdvertisement
RDKB-114,TS WIFIAGENT AddObject,TS WIFIAGENT AddObject
RDKB-113,TS WIFIAGENT 5GHZ PassphraseAfterReset,TS WIFIAGENT 5GHZ PassphraseAfterReset
RDKB-112,TS WIFIAGENT 5GHZ ModeEnabled,TS WIFIAGENT 5GHZ ModeEnabled
RDKB-111,TS WIFIAGENT 5GHZ OperatingStandard,TS WIFIAGENT 5GHZ OperatingStandard
RDKB-110,TS WIFIAGENT 5GHZ IsSSIDDown,TS WIFIAGENT 5GHZ IsSSIDDown
RDKB-129,TS WIFIAGENT DelObject,TS WIFIAGENT DelObject
RDKB-128,TS WIFIAGENT GetHealth,TS WIFIAGENT GetHealth
RDKB-127,TS WIFIAGENT GetAttributes,TS WIFIAGENT GetAttributes
RDKB-126,TS WIFIAGENT EnableWMM,TS WIFIAGENT EnableWMM
RDKB-125,TS WIFIAGENT 5GHZ RadioLastChange,TS WIFIAGENT 5GHZ RadioLastChange
RDKB-124,TS WIFIAGENT EnableBssHotSpot,TS WIFIAGENT EnableBssHotSpot
RDKB-123,TS WIFIAGENT FactoryReset,TS WIFIAGENT FactoryReset
RDKB-122,TS WIFIAGENT 5GHZ IsSSIDUp,TS WIFIAGENT 5GHZ IsSSIDUp
RDKB-121,TS WIFIAGENT GetParamNames,TS WIFIAGENT GetParamNames
RDKB-120,TS WIFIAGENT 5GHZ PossibleChannel,TS WIFIAGENT 5GHZ PossibleChannel
RDKB-132,TS_WIFIAGENT_5GHZ_ChannelBandwidth,TS_WIFIAGENT_5GHZ_ChannelBandwidth
RDKB-131,TS WIFIAGENT SetParamValues,TS WIFIAGENT SetParamValues
RDKB-130,TS WIFIAGENT 5GHZ AutoChannelEnable,TS WIFIAGENT 5GHZ AutoChannelEnable
RDKB-145,TS_PAM_GetHardwareVersion,TS PAM GetHardwareVersion
RDKB-146,TS_PAM_CheckHTTPRemoteAccessStatus,TS PAM CheckHTTPRemoteAccessStatus
RDKB-317,TS_PAM_CheckHTTPSRemoteAccessStatus,TS PAM CheckHTTPSRemoteAccessStatus
RDKB-322,TS_RDKBLogger_Log,TS RDKBLogger Log
RDKB-323,TS_RDKBLogger_Log_Debug,TS RDKBLogger Log Debug
RDKB-324,TS_RDKBLogger_Log_Trace7,TS RDKBLogger Log Trace7
RDKB-325,TS_RDKBLogger_EnvGet,TS RDKBLogger EnvGet
RDKB-326,TS_RDKBLogger_CheckMPELogEnabled,TS RDKBLogger CheckMPELogEnabled
RDKB-327,TS_RDKBLogger_Log_Trace8,TS RDKBLogger Log Trace8
RDKB-328,TS_RDKBLogger_Log_UnknownModule,TS RDKBLogger Log UnknownModule
RDKB-329,TS_RDKBLogger_Log_InverseTrace,TS RDKBLogger Log InverseTrace
RDKB-330,TS_RDKBLogger_Log_Trace,TS RDKBLogger Log Trace
RDKB-331,TS_RDKBLogger_Log_Trace6,TS RDKBLogger Log Trace6
RDKB-332,TS_RDKBLogger_Log_Trace1,TS RDKBLogger Log Trace1
RDKB-333,TS_RDKBLogger_Log_None_All,TS RDKBLogger Log None All
RDKB-334,TS_RDKBLogger_EnvGetValueFromNum,TS RDKBLogger EnvGetValueFromNum
RDKB-335,TS_RDKBLogger_Log_All,TS RDKBLogger Log All
RDKB-336,TS_RDKBLogger_Log_Info,TS RDKBLogger Log Info
RDKB-337,TS_RDKBLogger_GetEnv_UnknownModule,TS RDKBLogger GetEnv UnknownModule
RDKB-338,TS_RDKBLogger_Log_Trace2,TS RDKBLogger Log Trace2
RDKB-339,TS_RDKBLogger_Log_Trace3,TS RDKBLogger Log Trace3
RDKB-340,TS_RDKBLogger_Log_InverseLevel,TS RDKBLogger Log InverseLevel
RDKB-341,TS_RDKBLogger_Log_Fatal,TS RDKBLogger Log Fatal
RDKB-342,TS_RDKBLogger_Log_Trace5,TS RDKBLogger Log Trace5
RDKB-343,TS_RDKBLogger_GetDefaultLevel,TS RDKBLogger GetDefaultLevel
RDKB-344,TS_RDKBLogger_Log_Warning,TS RDKBLogger Log Warning
RDKB-345,TS_RDKBLogger_Log_Msg,TS RDKBLogger Log Msg
RDKB-346,TS_RDKBLogger_EnvGetNum,TS RDKBLogger EnvGetNum
RDKB-347,TS_RDKBLogger_Log_Trace4,TS RDKBLogger Log Trace4
RDKB-348,TS_RDKBLogger_Log_All_None,TS RDKBLogger Log All None
RDKB-349,TS_RDKBLogger_Log_None,TS RDKBLogger Log None
RDKB-350,TS_RDKBLogger_Init,TS RDKBLogger Init
RDKB-351,TS_RDKBLogger_EnvGetModFromNum,TS RDKBLogger EnvGetModFromNum
RDKB-352,TS_RDKBLogger_Log_Error,TS RDKBLogger Log Error
RDKB-353,TS_RDKBLogger_Log_InvalidLevel,TS RDKBLogger Log InvalidLevel
RDKB-354,TS_RDKBLogger_Dbg_Enabled_Status,TS RDKBLogger Dbg Enabled Status
RDKB-355,TS_RDKBLogger_Log_DefaultLevel,TS RDKBLogger Log DefaultLevel
RDKB-356,TS_RDKBLogger_Log_Notice,TS RDKBLogger Log Notice
RDKB-357,TS_RDKBLogger_Log_Trace9,TS RDKBLogger Log Trace9
RDKB-383,TS_PAM_GetBridgeStandard,TS PAM GetBridgeStandard
RDKB-384,TS_PAM_GetPortLastChange,TS PAM GetPortLastChange
RDKB-385,TS_PAM_CheckProcessStatus,TS PAM CheckProcessStatus
RDKB-386,TS_PAM_DistinctPID,TS PAM DistinctPID
RDKB-387,TS_PAM_GetPortMode,TS PAM GetPortMode
RDKB-388,TS_PAM_getCMTSMac,TS PAM getCMTSMac
RDKB-389,TS_PAM_Get_ParentalCtrl_DevicesEnable,TS PAM Get ParentalCtrl DevicesEnable
RDKB-390,TS_PAM_Get_ParentalCtrl_ServicesEnable,TS PAM Get ParentalCtrl ServicesEnable
RDKB-391,TS_PAM_Get_ParentalCtrl_SitesEnable,TS PAM Get ParentalCtrl SitesEnable
RDKB-392,TS_ParentalCtrl_SetDuplicateBlockingURL,TS ParentalCtrl SetDuplicateBlockingURL
RDKB-393,TS_PAM_GetPortState,TS PAM GetPortState
RDKB-394,TS_ParentalCtrl_DeleteBlockingRuleAfterSet,TS ParentalCtrl DeleteBlockingRuleAfterSet
RDKB-396,TS_ParentalCtrl_SetInvalidTimeWithKeyword,TS ParentalCtrl SetInvalidTimeWithKeyword
RDKB-397,TS_ParentalCtrl_AllowedDeviceInvalidMACAddress,TS ParentalCtrl AllowedDeviceInvalidMACAddress
RDKB-398,TS_ParentalCtrl_BlockDeviceInvalidMACAddress,TS ParentalCtrl BlockDeviceInvalidMACAddress
RDKB-399,TS_ParentalCtrl_BlockDeviceStartTimeGreaterThanEndTime,TS ParentalCtrl BlockDeviceStartTimeGreaterThanEndTime
RDKB-400,TS_ParentalCtrl_DuplicateAllowedDevice,TS ParentalCtrl DuplicateAllowedDevice
RDKB-401,TS_PAM_GetPortStatus,TS PAM GetPortStatus
RDKB-402,TS_ParentalCtrl_Service_SetInvalidTime,TS ParentalCtrl Service SetInvalidTime
RDKB-403,TS_ParentalCtrl_Service_SetInvalidPort,TS ParentalCtrl Service SetInvalidPort
RDKB-404,TS_ParentalCtrl_Service_SetPortAsString,TS ParentalCtrl Service SetPortAsString
RDKB-405,TS_ParentalCtrl_Service_SetOutOfRangePort,TS ParentalCtrl Service SetOutOfRangePort
RDKB-406,TS_ParentalCtrl_Sevice_SetDuplicatePorts,TS ParentalCtrl Sevice SetDuplicatePorts
RDKB-407,TS_ParentalCtrl_DeleteBlockDeviceBeforeSet,TS ParentalCtrl DeleteBlockDeviceBeforeSet
RDKB-408,TS_PAM_PortStats_GetBroadcastPacketsReceived,TS PAM PortStats GetBroadcastPacketsReceived
RDKB-409,TS_PAM_GetPasswordReset,TS PAM GetPasswordReset
RDKB-410,TS_PAM_CheckNetworkDevTrafficPollingPeriodWritable,TS PAM CheckNetworkDevTrafficPollingPeriodWritable
RDKB-411,TS_PAM_PortStats_GetBroadcastPacketsSent,TS PAM PortStats GetBroadcastPacketsSent
RDKB-412,TS_PAM_PortStats_GetBytesReceived,TS PAM PortStats GetBytesReceived
RDKB-413,TS_PAM_SetDHCPBeginIPasLANGatewayIP,TS PAM SetDHCPBeginIPasLANGatewayIP
RDKB-414,TS_PAM_SetDHCPEndIPBeyondSubnetRange,TS PAM SetDHCPEndIPBeyondSubnetRange
RDKB-415,TS_PAM_SetDHCPServerIPBeyondPrivateAddressRange,TS PAM SetDHCPServerIPBeyondPrivateAddressRange
RDKB-416,TS_PAM_DNSClient_ServerEntries,TS PAM DNSClient ServerEntries
RDKB-417,TS_PAM_DNSClient_ServerType,TS PAM DNSClient ServerType
RDKB-418,TS_PAM_PortStats_GetBytesSent,TS PAM PortStats GetBytesSent
RDKB-419,TS_PAM_DNSClient_SetDNSServerIP,TS PAM DNSClient SetDNSServerIP
RDKB-420,TS_PAM_DNSClient_SetServerInterface,TS PAM DNSClient SetServerInterface
RDKB-421,TS_PAM_PortStats_GetDiscardPacketsReceived,TS PAM PortStats GetDiscardPacketsReceived
RDKB-422,TS_PAM_GetBridgeStatus,TS PAM GetBridgeStatus
RDKB-423,TS_PAM_PortStats_GetErrorsReceived,TS PAM PortStats GetErrorsReceived
RDKB-424,TS_PAM_PortStats_GetErrorsSent,TS PAM PortStats GetErrorsSent
RDKB-425,TS_PAM_PortStats_GetMulticastPacketsReceived,TS PAM PortStats GetMulticastPacketsReceived
RDKB-426,TS_PAM_PortStats_GetMulticastPacketsSent,TS PAM PortStats GetMulticastPacketsSent
RDKB-427,TS_PAM_PortStats_GetPacketsReceived,TS PAM PortStats GetPacketsReceived
RDKB-429,TS_PAM_PortStats_GetPacketsSent,TS PAM PortStats GetPacketsSent
RDKB-430,TS_PAM_PortStats_GetUnicastPacketsReceived,TS PAM PortStats GetUnicastPacketsReceived
RDKB-431,TS_PAM_PortStats_GetUnknownProtoPacketsReceived,TS PAM PortStats GetUnknownProtoPacketsReceived
RDKB-432,TS_PAM_GetMaxBridgeEntries,TS PAM GetMaxBridgeEntries
RDKB-433,TS_PAM_GetManufacturerOUI,TS PAM GetManufacturerOUI
RDKB-434,TS_PAM_GetLastRebootReason,TS PAM GetLastRebootReason
RDKB-435,TS_PAM_CheckNetworkDevTrafficReportingPeriodWritable,TS PAM CheckNetworkDevTrafficReportingPeriodWritable
RDKB-437,TS_PAM_SetCloudUIEnable,TS PAM SetCloudUIEnable
RDKB-438,TS_PAM_SetDiagnosticState,TS PAM SetDiagnosticState
RDKB-439,TS_PAM_SetLanSubnetMask,TS PAM SetLanSubnetMask
RDKB-440,TS_PAM_CheckCRCrash,TS PAM CheckCRCrash
RDKB-441,TS_PAM_CheckMTACrash,TS PAM CheckMTACrash
RDKB-442,TS_PAM_Init,TS PAM Init
RDKB-443,TS_PAM_GetCpuUsage,TS PAM GetCpuUsage
RDKB-444,TS_PAM_GetDescription,TS PAM GetDescription
RDKB-445,TS_PAM_GetFirstUseDate,TS PAM GetFirstUseDate
RDKB-446,TS_PAM_GetMaxFilterEntries,TS PAM GetMaxFilterEntries
RDKB-447,TS_PAM_GetManufacturer,TS PAM GetManufacturer
RDKB-448,TS_PAM_GetMaxTCPWindowSize,TS PAM GetMaxTCPWindowSize
RDKB-449,TS_PAM_GetModelName,TS PAM GetModelName
RDKB-450,TS_PAM_GetProductClass,TS PAM GetProductClass
RDKB-451,TS_PAM_GetSerialNumber,TS PAM GetSerialNumber
RDKB-452,TS_PAM_GetSoftwareVersion,TS PAM GetSoftwareVersion
RDKB-453,TS_PAM_GetUpTime,TS PAM GetUpTime
RDKB-454,TS_PAM_GetMemoryStatus,TS PAM GetMemoryStatus
RDKB-455,TS_PAM_GetProcessInfo,TS PAM GetProcessInfo
RDKB-456,TS_PAM_DeviceUsers_EnableAdminRemoteAccess,TS PAM DeviceUsers EnableAdminRemoteAccess
RDKB-457,TS_PAM_DeviceUsers_EnableAdminUser,TS PAM DeviceUsers EnableAdminUser
RDKB-458,TS_PAM_DeviceUsers_EnableCusAdminRemoteAccess,TS PAM DeviceUsers EnableCusAdminRemoteAccess
RDKB-459,TS_PAM_DeviceUsers_EnableCusAdminUser,TS PAM DeviceUsers EnableCusAdminUser
RDKB-460,TS_PAM_DeviceUsers_EnableMSORemoteAccess,TS PAM DeviceUsers EnableMSORemoteAccess
RDKB-461,TS_PAM_DeviceUsers_EnableMSOUser,TS PAM DeviceUsers EnableMSOUser
RDKB-462,TS_PAM_DeviceUsers_SetAdminPassword,TS PAM DeviceUsers SetAdminPassword
RDKB-463,TS_PAM_DeviceUsers_SetCusAdminPassword,TS PAM DeviceUsers SetCusAdminPassword
RDKB-464,TS_PAM_IpIfGetNumberOfV4Addrs,TS PAM IpIfGetNumberOfV4Addrs
RDKB-465,TS_PAM_GetMaxVLANEntries,TS PAM GetMaxVLANEntries
RDKB-466,TS_PAM_IpIfGetNumberOfV6Addrs,TS PAM IpIfGetNumberOfV6Addrs
RDKB-467,TS_PAM_CheckSerialNumberWithProductClass,TS PAM CheckSerialNumberWithProductClass
RDKB-468,TS_PAM_IsInternetGWConnected,TS PAM IsInternetGWConnected
RDKB-469,TS_PAM_NTPTimeClientEnable,TS PAM NTPTimeClientEnable
RDKB-470,TS_PAM_GetCurrentLocalTime,TS PAM GetCurrentLocalTime
RDKB-471,TS_PAM_CheckTelnetRemoteAccessStatus,TS PAM CheckTelnetRemoteAccessStatus
RDKB-473,TS_PAM_CheckSSHRemoteAccessStatus,TS PAM CheckSSHRemoteAccessStatus
RDKB-474,TS_PAM_GetSupportedNCPs,TS PAM GetSupportedNCPs
RDKB-490,TS_COSAPAM_DhcpcGetCfg,TS COSAPAM DhcpcGetCfg
RDKB-491,TS_COSAPAM_DhcpcGetInfo,TS COSAPAM DhcpcGetInfo
RDKB-492,TS_COSAPAM_DhcpcGetInstanceNumber,TS COSAPAM DhcpcGetInstanceNumber
RDKB-493,TS_COSAPAM_DhcpcNumberOfEntries,TS COSAPAM DhcpcNumberOfEntries
RDKB-494,TS_COSAPAM_DhcpsEnable,TS COSAPAM DhcpsEnable
RDKB-495,TS_COSAPAM_DhcpsGetNumberOfPools,TS COSAPAM DhcpsGetNumberOfPools
RDKB-496,TS_COSAPAM_DhcpsGetState,TS COSAPAM DhcpsGetState
RDKB-497,TS_COSAPAM_DnsClientGetServer,TS COSAPAM DnsClientGetServer
RDKB-498,TS_COSAPAM_DnsClientGetServers,TS COSAPAM DnsClientGetServers
RDKB-499,TS_COSAPAM_DnsEnableClient,TS COSAPAM DnsEnableClient
RDKB-500,TS_COSAPAM_DnsEnableRelay,TS COSAPAM DnsEnableRelay
RDKB-501,TS_COSAPAM_DnsRelayGetServers,TS COSAPAM DnsRelayGetServers
RDKB-502,TS_COSAPAM_IpDnsGetClientStatus,TS COSAPAM IpDnsGetClientStatus
RDKB-503,TS_COSAPAM_IpDnsGetRelayStatus,TS COSAPAM IpDnsGetRelayStatus
RDKB-504,TS_COSAPAM_UpnpDevEnableIgd,TS COSAPAM UpnpDevEnableIgd
RDKB-505,TS_COSAPAM_UpnpDevEnableMediaServer,TS COSAPAM UpnpDevEnableMediaServer
RDKB-506,TS_COSAPAM_UpnpDevEnable,TS COSAPAM UpnpDevEnable
RDKB-507,TS_COSAPAM_UpnpDevGetIgdState,TS COSAPAM UpnpDevGetIgdState
RDKB-508,TS_COSAPAM_UpnpDevGetMediaServerState,TS COSAPAM UpnpDevGetMediaServerState
RDKB-509,TS_COSAPAM_UpnpDevGetState,TS COSAPAM UpnpDevGetState
RDKB-510,TS_PAM_GetInterfaceNumberOfEntries,TS PAM GetInterfaceNumberOfEntries
RDKB-511,TS_COSAPAM_EthPortGetStats,TS COSAPAM EthPortGetStats
RDKB-512,TS_COSAPAM_MlanHomeSecurityWiFiSsid,TS COSAPAM MlanHomeSecurityWiFiSsid
RDKB-513,TS_COSAPAM_MlanHomeSecurityBridge,TS COSAPAM MlanHomeSecurityBridge
RDKB-514,TS_COSAPAM_MlanPrimaryLANBridgeHSPorts,TS COSAPAM MlanPrimaryLANBridgeHSPorts
RDKB-515,TS_COSAPAM_MlanHomeSecurityDHCPv4ServerPool,TS COSAPAM MlanHomeSecurityDHCPv4ServerPool
RDKB-516,TS_COSAPAM_MlanPrimaryLANBridge,TS COSAPAM MlanPrimaryLANBridge
RDKB-517,TS_COSAPAM_MlanHomeSecurityIPInterface,TS COSAPAM MlanHomeSecurityIPInterface
RDKB-518,TS_COSAPAM_MlanPrimaryLANDHCPv4ServerPool,TS COSAPAM MlanPrimaryLANDHCPv4ServerPool
RDKB-519,TS_COSAPAM_MlanHomeSecurityWiFiAp,TS COSAPAM MlanHomeSecurityWiFiAp
RDKB-520,TS_COSAPAM_MlanPrimaryLanIpIf,TS COSAPAM MlanPrimaryLanIpIf
RDKB-521,TS_COSAPAM_MlanHomeSecurityWiFiRadio,TS COSAPAM MlanHomeSecurityWiFiRadio
RDKB-522,TS_COSAPAM_EthPortGetCfg,TS COSAPAM EthPortGetCfg
RDKB-523,TS_COSAPAM_EthPortGetDInfo,TS COSAPAM EthPortGetDInfo
RDKB-524,TS_COSAPAM_EthPortNumberOfEntries,TS COSAPAM EthPortNumberOfEntries
RDKB-525,TS_COSAPAM_EthPortGetEntryFromIndex,TS COSAPAM EthPortGetEntryFromIndex
RDKB-526,TS_COSAPAM_DiInit,TS COSAPAM DiInit
RDKB-527,TS_COSAPAM_DiManufacturer,TS COSAPAM DiManufacturer
RDKB-528,TS_PAM_GetPortPriorityRegeneration,TS PAM GetPortPriorityRegeneration
RDKB-529,TS_COSAPAM_DiManufacturerOUI,TS COSAPAM DiManufacturerOUI
RDKB-530,TS_COSAPAM_DiModelName,TS COSAPAM DiModelName
RDKB-531,TS_ParentalCtrl_SetInvalidBlockingURLWithSpace,TS ParentalCtrl SetInvalidBlockingURLWithSpace
RDKB-532,TS_ParentalCtrl_SetInvalidBlockingURL,TS ParentalCtrl SetInvalidBlockingURL
RDKB-533,TS_ParentalCtrl_DeleteBlockingRule,TS ParentalCtrl DeleteBlockingRule
RDKB-534,TS_ParentalCtrl_SetInvalidTimeWithUrl,TS ParentalCtrl SetInvalidTimeWithUrl
RDKB-535,TS_ParentalCtrl_SetInvalidBlockingKeywordWithSpace,TS ParentalCtrl SetInvalidBlockingKeywordWithSpace
RDKB-536,TS_ParentalCtrl_AllowedDeviceStartTimeGreaterThanEndTime,TS ParentalCtrl AllowedDeviceStartTimeGreaterThanEndTime
RDKB-537,TS_ParentalCtrl_DuplicateBlockDevices,TS ParentalCtrl DuplicateBlockDevices
RDKB-538,TS_ParentalCtrl_Sevice_SetConflictingEntries,TS ParentalCtrl Sevice SetConflictingEntries
RDKB-539,TS_ParentalCtrl_DeleteAllowedDeviceBeforeSet,TS ParentalCtrl DeleteAllowedDeviceBeforeSet
RDKB-540,TS_ParentalCtrl_ManagedDevicesDisabled_AddRule,TS ParentalCtrl ManagedDevicesDisabled AddRule
RDKB-541,TS_ParentalCtrl_ManagedServicesDisabled_AddRule,TS ParentalCtrl ManagedServicesDisabled AddRule
RDKB-542,TS_ParentalCtrl_ManagedSitesDisabled_AddRule,TS ParentalCtrl ManagedSitesDisabled AddRule
RDKB-543,TS_COSAPAM_MlanHomeSecurityBridgePorts,TS COSAPAM MlanHomeSecurityBridgePorts
RDKB-544,TS_COSAPAM_EthMlanInit,TS COSAPAM EthMlanInit
RDKB-545,TS_PAM_IpIfGetV4Addr,TS PAM IpIfGetV4Addr
RDKB-546,TS_PAM_GetRIPProtocolVersion,TS PAM GetRIPProtocolVersion
RDKB-547,TS_PAM_GetRIPSupportedModes,TS PAM GetRIPSupportedModes
RDKB-548,TS_PAM_PortStats_GetDiscardPacketsSent,TS PAM PortStats GetDiscardPacketsSent
RDKB-549,TS_PAM_PortStats_GetUnicastPacketsSent,TS PAM PortStats GetUnicastPacketsSent
RDKB-550,TS_PAM_GetDHCPv4Client1IPAddress,TS PAM GetDHCPv4Client1IPAddress
RDKB-551,TS_PAM_GetNetworkDevicesTrafficPollingPeriod,TS PAM GetNetworkDevicesTrafficPollingPeriod
RDKB-552,TS_PAM_GetNetworkDevicesTrafficReportingPeriod,TS PAM GetNetworkDevicesTrafficReportingPeriod
RDKB-553,TS_PAM_SetDownloadUrl,TS PAM SetDownloadUrl
RDKB-554,TS_PAM_GetMaxDBridgeEntries,TS PAM GetMaxDBridgeEntries
RDKB-555,TS_PAM_GetAdditionalHardwareVersion,TS PAM GetAdditionalHardwareVersion
RDKB-556,TS_PAM_GetAdditionalSoftwareVersion,TS PAM GetAdditionalSoftwareVersion
RDKB-557,TS_PAM_GetProvisioningCode,TS PAM GetProvisioningCode
RDKB-558,TS_PAM_GetTCPImplementation,TS PAM GetTCPImplementation
RDKB-559,TS_PAM_GetMaxQBridgeEntries,TS PAM GetMaxQBridgeEntries
RDKB-560,TS_PAM_IpIfGetStats,TS PAM IpIfGetStats
RDKB-561,TS_PAM_IpIfGetV4AddressingType,TS PAM IpIfGetV4AddressingType
RDKB-562,TS_PAM_IpIfGetV6Addr,TS PAM IpIfGetV6Addr
RDKB-563,TS_PAM_IpIfGetV6AddressOrigin,TS PAM IpIfGetV6AddressOrigin
RDKB-564,TS_PAM_IpIfGetV6Prefix,TS PAM IpIfGetV6Prefix
RDKB-565,TS_PAM_IpIfGetV6PrefixOrigin,TS PAM IpIfGetV6PrefixOrigin
RDKB-566,TS_PAM_IpIfMaxMTUSize,TS PAM IpIfMaxMTUSize
RDKB-567,TS_PAM_IpIfSetV4Addr,TS PAM IpIfSetV4Addr
RDKB-568,TS_PAM_GetPortAcceptableFrameTypes,TS PAM GetPortAcceptableFrameTypes
RDKB-569,TS_PAM_IpIfSetV6Addr,TS PAM IpIfSetV6Addr
RDKB-570,TS_PAM_IpIfSetV6Prefix,TS PAM IpIfSetV6Prefix
RDKB-571,TS_PAM_GetUpTime_AfterReboot,TS PAM GetUpTime AfterReboot
RDKB-572,TS_PAM_GetGatewayProductClass,TS PAM GetGatewayProductClass
RDKB-573,TS_PAM_GetGatewaySerialNumber,TS PAM GetGatewaySerialNumber
RDKB-574,TS_PAM_GetProcessNumberOfEntries,TS PAM GetProcessNumberOfEntries
RDKB-575,TS_PAM_GetPortDefaultUserPriority,TS PAM GetPortDefaultUserPriority
RDKB-576,TS_PAM_GetSupportedProtocols,TS PAM GetSupportedProtocols
RDKB-577,TS_PAM_GetEncryptionProtocol,TS PAM GetEncryptionProtocol
RDKB-578,TS_PAM_GetCompressionProtocol,TS PAM GetCompressionProtocol
RDKB-579,TS_PAM_GetAuthenticationProtocol,TS PAM GetAuthenticationProtocol
RDKB-599,TS_CCSPCOMMON_MBUS_Init,TS CCSPCOMMON MBUS Init
RDKB-600,TS_CCSPCOMMON_MBUS_QueryStatus,TS CCSPCOMMON MBUS QueryStatus
RDKB-601,TS_CCSPCOMMON_MBUS_GetAllocMemory,TS CCSPCOMMON MBUS GetAllocMemory
RDKB-602,TS_CCSPCOMMON_MBUS_GetMaxMemory,TS CCSPCOMMON MBUS GetMaxMemory
RDKB-603,TS_CCSPCOMMON_MBUS_RegisterCapability,TS CCSPCOMMON MBUS RegisterCapability
RDKB-604,TS_CCSPCOMMON_MBUS_UnRegisterNamespace,TS CCSPCOMMON MBUS UnRegisterNamespace
RDKB-605,TS_CCSPCOMMON_MBUS_DiskNamespaceSupportedByComponent,TS CCSPCOMMON MBUS DiskNamespaceSupportedByComponent
RDKB-606,TS_CCSPCOMMON_MBUS_DiskComponentSupportingDynamicTbl,TS CCSPCOMMON MBUS DiskComponentSupportingDynamicTbl
RDKB-607,TS_CCSPCOMMON_MBUS_BusCheck,TS CCSPCOMMON MBUS BusCheck
RDKB-608,TS_CCSPCOMMON_MBUS_CheckNamespaceDataType,TS CCSPCOMMON MBUS CheckNamespaceDataType
RDKB-609,TS_CCSPCOMMON_MBUS_InformEndOfSession,TS CCSPCOMMON MBUS InformEndOfSession
RDKB-610,TS_CCSPCOMMON_MBUS_Exit,TS CCSPCOMMON MBUS Exit
RDKB-611,TS_CCSPCOMMON_MBUS_IsSystemReady,TS CCSPCOMMON MBUS IsSystemReady
RDKB-612,TS_CCSPCOMMON_MBUS_DumpComponentRegistry,TS CCSPCOMMON MBUS DumpComponentRegistry
RDKB-613,TS_CCSPCOMMON_MBUS_ReqSessionId,TS CCSPCOMMON MBUS ReqSessionId
RDKB-614,TS_CCSPCOMMON_MBUS_RegisterBase,TS CCSPCOMMON MBUS RegisterBase
RDKB-615,TS_CCSPCOMMON_MBUS_GetRegisteredComponents,TS CCSPCOMMON MBUS GetRegisteredComponents
RDKB-616,TS_CCSPCOMMON_MBUS_UnRegisterComponent,TS CCSPCOMMON MBUS UnRegisterComponent
RDKB-617,TS_CCSPCOMMON_MBUS_RegisterEvent,TS CCSPCOMMON MBUS RegisterEvent
RDKB-618,TS_CCSPCOMMON_MBUS_UnRegisterEvent,TS CCSPCOMMON MBUS UnRegisterEvent
RDKB-619,TS_CCSPCOMMON_MBUS_LoadCfg,TS CCSPCOMMON MBUS LoadCfg
RDKB-620,TS_CCSPCOMMON_MBUS_InvalidLoadCfg,TS CCSPCOMMON MBUS InvalidLoadCfg
RDKB-621,TS_CCSPCOMMON_MBUS_LoadDmXml,TS CCSPCOMMON MBUS LoadDmXml
RDKB-622,TS_CCSPCOMMON_MBUS_InvalidLoadDmXml,TS CCSPCOMMON MBUS InvalidLoadDmXml
RDKB-623,TS_CCSPCOMMON_MBUS_RegisterPath,TS CCSPCOMMON MBUS RegisterPath
RDKB-662,TS_SNMP_EnableTR069ClientMode,TS SNMP EnableTR069ClientMode
RDKB-663,TS_SNMP_GetRemoteWebAccessPort,TS SNMP GetRemoteWebAccessPort
RDKB-664,TS_SNMP_Get2.4SSIDWithDisabledXfinityWifi,TS SNMP Get2.4SSIDWithDisabledXfinityWifi
RDKB-665,TS_SNMP_IsTruncatingGetWifiPassphrase,TS SNMP IsTruncatingGetWifiPassphrase
RDKB-666,TS_SNMP_SysDescrSWREV,TS SNMP SysDescrSWREV
RDKB-667,TS_SNMP_v2cSETqueryOnKeepAliveCount,TS SNMP v2cSETqueryOnKeepAliveCount
RDKB-668,TS_SNMP_GetCMTSMAC,TS SNMP GetCMTSMAC
RDKB-669,TS_SNMP_GetDevSerialNumber,TS SNMP GetDevSerialNumber
RDKB-670,TS_SNMP_ValidateSnmpSetWithGetAPIOnRipEnabledStatus,TS SNMP ValidateSnmpSetWithGetAPIOnRipEnabledStatus
RDKB-671,TS_SNMP_GetWANMAC,TS SNMP GetWANMAC
RDKB-672,TS_SNMP_v2cWALKqueryOnDeviceBase,TS SNMP v2cWALKqueryOnDeviceBase
RDKB-673,TS_SNMP_SetSSIDEnableWithRadioEnabled,TS SNMP SetSSIDEnableWithRadioEnabled
RDKB-674,TS_SNMP_v2cGETqueryInvalidCommString,TS SNMP v2cGETqueryInvalidCommString
RDKB-675,TS_SNMP_ValidateSnmpGetWithSetAPIOnRipEnabledStatus,TS SNMP ValidateSnmpGetWithSetAPIOnRipEnabledStatus
RDKB-676,TS_SNMP_v2cGETqueryEmptyCommString,TS SNMP v2cGETqueryEmptyCommString
RDKB-677,TS_SNMP_GetSysDescrVendor,TS SNMP GetSysDescrVendor
RDKB-678,TS_SNMP_v2cGETSSIDEnable,TS SNMP v2cGETSSIDEnable
RDKB-679,TS_SNMP_SetCustomFirewallProtectionAfterDisable,TS SNMP SetCustomFirewallProtectionAfterDisable
RDKB-680,TS_SNMP_Set8MinusWifiPassphrase,TS SNMP Set8MinusWifiPassphrase
RDKB-681,TS_SNMP_Set64PlusWifiPassphrase,TS SNMP Set64PlusWifiPassphrase
RDKB-682,TS_SNMP_SetXHSWifiPassword,TS SNMP SetXHSWifiPassword
RDKB-683,TS_SNMP_CheckBackwardCompatibilityWithSnmpV1Get,TS SNMP CheckBackwardCompatibilityWithSnmpV1Get
RDKB-684,TS_SNMP_SetSSIDEnableWithRadioDisabled,TS SNMP SetSSIDEnableWithRadioDisabled
RDKB-685,TS_SNMP_GetSwCurrentVersion,TS SNMP GetSwCurrentVersion
RDKB-686,TS_SNMP_GetSysDescrBootR,TS SNMP GetSysDescrBootR
RDKB-687,TS_SNMP_ValidateSnmpGetWithGetAPIOnWanAddressMode,TS SNMP ValidateSnmpGetWithGetAPIOnWanAddressMode
RDKB-688,TS_SNMP_CheckBackwardCompatibilityWithSnmpV1Set,TS SNMP CheckBackwardCompatibilityWithSnmpV1Set
RDKB-689,TS_SNMP_GetSysDescription,TS SNMP GetSysDescription
RDKB-690,TS_SNMP_ResetRouterOnly,TS SNMP ResetRouterOnly
RDKB-691,TS_SNMP_Get5.0SSIDWithDisableXfinityWifi,TS SNMP Get5.0SSIDWithDisableXfinityWifi
RDKB-692,TS_SNMP_CheckBackwardCompatibilityWithSnmpV1Walk,TS SNMP CheckBackwardCompatibilityWithSnmpV1Walk
RDKB-693,TS_SNMP_SetCustomFirewallProtection,TS SNMP SetCustomFirewallProtection
RDKB-694,TS_SNMP_IsWifiPassphraseExposed,TS SNMP IsWifiPassphraseExposed
RDKB-695,TS_SNMP_RemoteWebAccessEnable,TS SNMP RemoteWebAccessEnable
RDKB-696,TS_SNMP_ResetWifiOnly,TS SNMP ResetWifiOnly
RDKB-697,TS_SNMP_GetXHSWifiPassword,TS SNMP GetXHSWifiPassword
RDKB-698,TS_SNMP_Set32PlusWifiPassphrase,TS SNMP Set32PlusWifiPassphrase
RDKB-699,TS_SNMP_GetErouter0MAC,TS SNMP GetErouter0MAC
RDKB-700,TS_SNMP_SetFirewallProtection,TS SNMP SetFirewallProtection
RDKB-701,TS_SNMP_GetSysDescrModel,TS SNMP GetSysDescrModel
RDKB-704,TS_WEBUI_Login,TS WEBUI Login
RDKB-705,TS_WEBUI_Logout,TS WEBUI Logout
RDKB-706,TS_WEBUI_ChangeUiPwd,TS WEBUI ChangeUiPwd
RDKB-707,TS_WEBUI_CheckDefaultMacFilterMode,TS WEBUI CheckDefaultMacFilterMode
RDKB-708,TS_WEBUI_ChangeWifiSsidPwd,TS WEBUI ChangeWifiSsidPwd
RDKB-709,TS_WEBUI_CheckHardwareVersion,TS WEBUI CheckHardwareVersion
RDKB-710,TS_WEBUI_CheckSoftwareVersion,TS WEBUI CheckSoftwareVersion
RDKB-711,TS_WEBUI_CheckNoOfConnectedDevices,TS WEBUI CheckNoOfConnectedDevices
RDKB-712,TS_WEBUI_CheckDefaultSsidPwd,TS WEBUI CheckDefaultSsidPwd
RDKB-713,TS_WEBUI_ChangeDhcpLeaseTime,TS WEBUI ChangeDhcpLeaseTime
RDKB-714,TS_WEBUI_AssignReservedIp,TS WEBUI AssignReservedIp
RDKB-715,TS_WEBUI_CheckDefaultPortForwardingStatus,TS WEBUI CheckDefaultPortForwardingStatus
RDKB-716,TS_WEBUI_CheckDefaultPortTriggeringStatus,TS WEBUI CheckDefaultPortTriggeringStatus
RDKB-717,TS_WEBUI_ChangeFirewallSecurityLevel,TS WEBUI ChangeFirewallSecurityLevel
RDKB-718,TS_WEBUI_RestoreWifiSettings,TS WEBUI RestoreWifiSettings
RDKB-719,TS_WEBUI_BlockUrl,TS WEBUI BlockUrl
RDKB-737,TS CMAGENT CoreVersion,TS CMAGENT CoreVersion
RDKB-736,TS CMAGENT DelObject,TS CMAGENT DelObject
RDKB-735,TS CMAGENT NetworkAccess,TS CMAGENT NetworkAccess
RDKB-734,TS CMAGENT ToDStatus,TS CMAGENT ToDStatus
RDKB-733,TS CMAGENT MDDIPOverride,TS CMAGENT MDDIPOverride
RDKB-732,TS CMAgent GetHealth,TS CMAgent GetHealth
RDKB-731,TS CMAGENT BPIState,TS CMAGENT BPIState
RDKB-730,TS CMAGENT MaxCpeAllowed,TS CMAGENT MaxCpeAllowed
RDKB-729,TS CMAGENT DOCSISDHCPStatus,TS CMAGENT DOCSISDHCPStatus
RDKB-728,TS CMAGENT GetParamNames,TS CMAGENT GetParamNames
RDKB-727,TS CMAGENT DOCSISVersion,TS CMAGENT DOCSISVersion
RDKB-726,TS CMAGENT SetSessionId,TS CMAGENT SetSessionId
RDKB-725,TS CMAGENT CMStatus,TS CMAGENT CMStatus
RDKB-724,TS CMAGENT GetParamValues,TS CMAGENT GetParamValues
RDKB-723,TS CMAGENT AddObject,TS CMAGENT AddObject
RDKB-739,TS_WEBUI_LoginWithIncorrectPassword,TS WEBUI LoginWithIncorrectPassword
RDKB-740,TS_WEBUI_LoginWithIncorrectUsername,TS WEBUI LoginWithIncorrectUsername
RDKB-741,TS_WEBUI_LoginWithIncorrectUsernameAndPassword,TS WEBUI LoginWithIncorrectUsernameAndPassword
RDKB-742,TS_WEBUI_CheckWanMac,TS WEBUI CheckWanMac
RDKB-743,TS_WEBUI_CheckRemoteManagement,TS WEBUI CheckRemoteManagement
RDKB-744,TS_WEBUI_CheckSystemUpTime,TS WEBUI CheckSystemUpTime
RDKB-745,TS_WEBUI_CheckWifiAgentStatus,TS WEBUI CheckWifiAgentStatus
RDKB-746,TS_WEBUI_CheckInternetStatus,TS WEBUI CheckInternetStatus
RDKB-747,TS_WEBUI_CheckWanIp,TS WEBUI CheckWanIp
RDKB-748,TS_WEBUI_DisableRemoteManagementOverHttp,TS WEBUI DisableRemoteManagementOverHttp
RDKB-749,TS_WEBUI_ChangeSubnetMaskOfIpv4,TS WEBUI ChangeSubnetMaskOfIpv4
RDKB-750,TS_WEBUI_RestoreLocalIpNetworkSettings,TS WEBUI RestoreLocalIpNetworkSettings
RDKB-751,TS_WEBUI_DeleteBlockUrl,TS WEBUI DeleteBlockUrl
RDKB-752,TS_WEBUI_RestoreFirewallSecurityLevel,TS WEBUI RestoreFirewallSecurityLevel
RDKB-753,TS_WEBUI_CheckDefaultStatusOfBridgeMode,TS WEBUI CheckDefaultStatusOfBridgeMode
RDKB-738,TS CMAGENT GetAttributes,TS CMAGENT GetAttributes
RDKB-901,TS_ADVANCEDCONFIG_HNSValidationForPortNumbers,TS ADVANCEDCONFIG HNSValidationForPortNumbers
RDKB-902,TS_ADVANCEDCONFIG_SSHEnable,TS ADVANCEDCONFIG SSHEnable
RDKB-903,TS_ADVANCEDCONFIG_RemoteManagementEnable,TS ADVANCEDCONFIG RemoteManagementEnable
RDKB-905,TS_ADVANCEDCONFIG_PFDisable,TS ADVANCEDCONFIG PFDisable
RDKB-906,TS_ADVANCEDCONFIG_PFChangeExistingRule,TS ADVANCEDCONFIG PFChangeExistingRule
RDKB-907,TS_ADVANCEDCONFIG_PTDuplicateServiceName,TS ADVANCEDCONFIG PTDuplicateServiceName
RDKB-908,TS_ADVANCEDCONFIG_TriggerNumberOfEntries,TS ADVANCEDCONFIG TriggerNumberOfEntries
RDKB-909,TS_ADVANCEDCONFIG_PTCheckStatusAfterEnable,TS ADVANCEDCONFIG PTCheckStatusAfterEnable
RDKB-910,TS_ADVANCEDCONFIG_PTDisable,TS ADVANCEDCONFIG PTDisable
RDKB-911,TS_ADVANCEDCONFIG_DMZmodeEnable,TS ADVANCEDCONFIG DMZmodeEnable
RDKB-912,TS_ADVANCEDCONFIG_PTChangeExistingRule,TS ADVANCEDCONFIG PTChangeExistingRule
RDKB-913,TS_ADVANCEDCONFIG_RuleforHTTPDownloadOutOfRangeIPBeforeStart,TS ADVANCEDCONFIG RuleforHTTPDownloadOutOfRangeIPBeforeStart
RDKB-914,TS_ADVANCEDCONFIG_PFCheckStatusAfterEnable,TS ADVANCEDCONFIG PFCheckStatusAfterEnable
RDKB-915,TS_ADVANCEDCONFIG_PFAddRuleOptions,TS ADVANCEDCONFIG PFAddRuleOptions
RDKB-916,TS_ADVANCEDCONFIG_DuplicatePortTriggeringRulesNotAllowed,TS ADVANCEDCONFIG DuplicatePortTriggeringRulesNotAllowed
RDKB-917,TS_ADVANCEDCONFIG_DMZHostIPRange,TS ADVANCEDCONFIG DMZHostIPRange
RDKB-918,TS_ADVANCEDCONFIG_PortMappingRuleforHTTPWithDefaultGatewayIPAsServerIP,TS ADVANCEDCONFIG PortMappingRuleforHTTPWithDefaultGatewayIPAsServerIP
RDKB-919,TS_ADVANCEDCONFIG_RuleforHTTPDownloadOutOfRangeIPAfterEnd,TS ADVANCEDCONFIG RuleforHTTPDownloadOutOfRangeIPAfterEnd
RDKB-920,TS_ADVANCEDCONFIG_PortTriggeringRuleWithSpaceAndBlank,TS ADVANCEDCONFIG PortTriggeringRuleWithSpaceAndBlank
RDKB-921,TS_ADVANCEDCONFIG_PFDuplicateServiceName,TS ADVANCEDCONFIG PFDuplicateServiceName
RDKB-922,TS_ADVANCEDCONFIG_PFDisabledAddRule,TS ADVANCEDCONFIG PFDisabledAddRule
RDKB-923,TS_ADVANCEDCONFIG_DMZHostAsGatewayIP,TS ADVANCEDCONFIG DMZHostAsGatewayIP
RDKB-924,TS_ADVANCEDCONFIG_TelnetEnable,TS ADVANCEDCONFIG TelnetEnable
RDKB-925,TS_ADVANCEDCONFIG_RuleforHTTPDownloadWithInvalidIPAddress10.1.10.255,TS ADVANCEDCONFIG RuleforHTTPDownloadWithInvalidIPAddress10.1.10.255
RDKB-926,TS_ADVANCEDCONFIG_CheckAddRuleOptionsOfPortTriggering,TS ADVANCEDCONFIG CheckAddRuleOptionsOfPortTriggering
RDKB-927,TS_ADVANCEDCONFIG_PFDuplicateRule,TS ADVANCEDCONFIG PFDuplicateRule
RDKB-928,TS_ADVANCEDCONFIG_PortForwardingRuleWithSpaceAndBlank,TS ADVANCEDCONFIG PortForwardingRuleWithSpaceAndBlank
RDKB-929,TS_ADVANCEDCONFIG_PortMappingNumberOfEntries,TS ADVANCEDCONFIG PortMappingNumberOfEntries
RDKB-946,TS_COSACM_GetMDDIPOverride,TS COSACM GetMDDIPOverride
RDKB-947,TS_COSACM_GetLogWithInvalidBuffer,TS COSACM GetLogWithInvalidBuffer
RDKB-948,TS_COSACM_CableModemCreate,TS COSACM CableModemCreate
RDKB-949,TS_CosaCM_GetErouterResetCount_WithInvalidBuffer,TS CosaCM GetErouterResetCount WithInvalidBuffer
RDKB-950,TS_COSACM_SetLog,TS COSACM SetLog
RDKB-951,TS_COSACM_GetCMCertStatus,TS COSACM GetCMCertStatus
RDKB-952,TS_CosaCM_GetIPv6DHCPInfo_WithInvalidBuffer,TS CosaCM GetIPv6DHCPInfo WithInvalidBuffer
RDKB-953,TS_COSACM_GetCPEList,TS COSACM GetCPEList
RDKB-954,TS_CosaCM_GetProvType,TS CosaCM GetProvType
RDKB-955,TS_CosaCM_GetResetCount_InvalidResetType,TS CosaCM GetResetCount InvalidResetType
RDKB-956,TS_CosaCM_GetCMResetCount_WithInvalidBuffer,TS CosaCM GetCMResetCount WithInvalidBuffer
RDKB-957,TS_COSACM_GetDOCSISInfo,TS COSACM GetDOCSISInfo
RDKB-958,TS_COSACM_GetUpstreamChannelWithInvalidBuffer,TS COSACM GetUpstreamChannelWithInvalidBuffer
RDKB-959,TS_COSACM_GetCMErrorCodewords,TS COSACM GetCMErrorCodewords
RDKB-960,TS_COSACM_GetCPEList_InvalidArg,TS COSACM GetCPEList InvalidArg
RDKB-961,TS_COSACM_GetDOCSISInfoWithInvalidBuffer,TS COSACM GetDOCSISInfoWithInvalidBuffer
RDKB-962,TS_CosaCM_GetErouterResetCount,TS CosaCM GetErouterResetCount
RDKB-963,TS_COSACM_CableModemRemove,TS COSACM CableModemRemove
RDKB-964,TS_COSACM_GetDownstreamChannelWithInvalidBuffer,TS COSACM GetDownstreamChannelWithInvalidBuffer
RDKB-965,TS_CosaCM_GetIPv6DHCPInfo,TS CosaCM GetIPv6DHCPInfo
RDKB-966,TS_CosaCM_GetStartDSFrequency,TS CosaCM GetStartDSFrequency
RDKB-967,TS_COSACM_GetDocsisLog,TS COSACM GetDocsisLog
RDKB-968,TS_COSACM_GetLoopDiagnosticsDetails_WithInvalidBuffer,TS COSACM GetLoopDiagnosticsDetails WithInvalidBuffer
RDKB-969,TS_COSACM_GetCMCertStatus_InvalidArg,TS COSACM GetCMCertStatus InvalidArg
RDKB-970,TS_CosaCM_SetUpstreamChannelId,TS CosaCM SetUpstreamChannelId
RDKB-971,TS_COSACM_GetTelephonyTftpStatus,TS COSACM GetTelephonyTftpStatus
RDKB-972,TS_COSACM_GetLoopDiagnosticsStart,TS COSACM GetLoopDiagnosticsStart
RDKB-973,TS_COSACM_GetMarket_ArgMemory_unalloc,TS COSACM GetMarket ArgMemory unalloc
RDKB-974,TS_COSACM_SetMDDIPOverride,TS COSACM SetMDDIPOverride
RDKB-975,TS_COSACM_GetLoopDiagnosticsStart_WithInvalidBuffer,TS COSACM GetLoopDiagnosticsStart WithInvalidBuffer
RDKB-976,TS_COSACM_GetDHCPInfoWithInvalidBuffer,TS COSACM GetDHCPInfoWithInvalidBuffer
RDKB-977,TS_COSACM_SetLoopDiagnosticsStart_WithInvalidBuffer,TS COSACM SetLoopDiagnosticsStart WithInvalidBuffer
RDKB-978,TS_CosaCM_GetStatus,TS CosaCM GetStatus
RDKB-979,TS_COSACM_SetLoopDiagnosticsStart,TS COSACM SetLoopDiagnosticsStart
RDKB-980,TS_COSACM_CableModemInitialize,TS COSACM CableModemInitialize
RDKB-981,TS_COSACM_CableModemRemove_NULL_Handle,TS COSACM CableModemRemove NULL Handle
RDKB-982,TS_COSACM_GetStatus_WithInvalidBuffer,TS COSACM GetStatus WithInvalidBuffer
RDKB-983,TS_COSACM_SetMDDIPOverride_ArgMemory_unalloc,TS COSACM SetMDDIPOverride ArgMemory unalloc
RDKB-984,TS_COSACM_GetDownstreamChannel,TS COSACM GetDownstreamChannel
RDKB-985,TS_COSACM_GetTelephonyRegistrationStatus,TS COSACM GetTelephonyRegistrationStatus
RDKB-986,TS_COSACM_GetUpstreamChannel,TS COSACM GetUpstreamChannel
RDKB-987,TS_CosaCM_GetDocsisResetCount_WithInvalidBuffer,TS CosaCM GetDocsisResetCount WithInvalidBuffer
RDKB-988,TS_COSACM_GetCMCert,TS COSACM GetCMCert
RDKB-989,TS_CosaCM_GetCMResetCount,TS CosaCM GetCMResetCount
RDKB-990,TS_CosaCM_GetProvType_WithInvalidBuffer,TS CosaCM GetProvType WithInvalidBuffer
RDKB-991,TS_COSACM_SetLogWithInvalidBuffer,TS COSACM SetLogWithInvalidBuffer
RDKB-992,TS_COSACM_CableModemIntialize_NULL_Handle,TS COSACM CableModemIntialize NULL Handle
RDKB-993,TS_COSACM_GetLoopDiagnosticsDetails,TS COSACM GetLoopDiagnosticsDetails
RDKB-994,TS_COSACM_GetDHCPInfo,TS COSACM GetDHCPInfo
RDKB-995,TS_COSACM_GetTelephonyDHCPStatus,TS COSACM GetTelephonyDHCPStatus
RDKB-996,TS_COSACM_GetDocsisLogWithInvalidBuffer,TS COSACM GetDocsisLogWithInvalidBuffer
RDKB-997,TS_CosaCM_GetDocsisResetCount,TS CosaCM GetDocsisResetCount
RDKB-998,TS_COSACM_GetMarket,TS COSACM GetMarket
RDKB-999,TS_CosaCM_SetStartDSFrequency,TS CosaCM SetStartDSFrequency
RDKB-1000,TS_COSACM_GetTelephonyDHCPStatus_WithInvalidBuffer,TS COSACM GetTelephonyDHCPStatus WithInvalidBuffer
RDKB-1001,TS_CosaCM_GetLocalResetCount_WithInvalidBuffer,TS CosaCM GetLocalResetCount WithInvalidBuffer
RDKB-1002,TS_COSACM_GetCMCert_ArgMemory_unalloc,TS COSACM GetCMCert ArgMemory unalloc
RDKB-1003,TS_CosaCM_GetLocalResetCount,TS CosaCM GetLocalResetCount
RDKB-1004,TS_COSACM_GetTelephonyRegistrationStatus_WithInvalidBuffer,TS COSACM GetTelephonyRegistrationStatus WithInvalidBuffer
RDKB-1005,TS_COSACM_GetCMErrorCodewords_InvalidArg,TS COSACM GetCMErrorCodewords InvalidArg
RDKB-1006,TS_COSACM_GetTelephonyTftpStatus_WithInvalidBuffer,TS COSACM GetTelephonyTftpStatus WithInvalidBuffer
RDKB-1007,TS_COSACM_GetLog,TS COSACM GetLog
RDKB-1008,TS_COSACM_GetMDDIPOverride_ArgMemory_unalloc,TS COSACM GetMDDIPOverride ArgMemory unalloc
RDKB-1009,TS_SNMP_FetchWifiSsid,TS SNMP FetchWifiSsid
RDKB-1010,TS_SNMP_ChangeWifiSsid,TS SNMP ChangeWifiSsid
RDKB-1011,TS_SNMP_FetchWifiPassphrase,TS SNMP FetchWifiPassphrase
RDKB-1012,TS_SNMP_ChangeWifiPassphrase,TS SNMP ChangeWifiPassphrase
RDKB-1013,TS_SNMP_ChangeFirewallSecurityLevel,TS SNMP ChangeFirewallSecurityLevel
RDKB-1014,TS_SNMP_FetchHardwareVersion,TS SNMP FetchHardwareVersion
RDKB-1015,TS_SNMP_FetchTr069ClientMode,TS SNMP FetchTr069ClientMode
RDKB-1016,TS_SNMP_ChangeTr069ClientMode,TS SNMP ChangeTr069ClientMode
RDKB-1017,TS_SNMP_FetchErouter0MacAddress,TS SNMP FetchErouter0MacAddress
RDKB-1018,TS_SNMP_FetchDeviceBaseParameters,TS SNMP FetchDeviceBaseParameters
RDKB-1086,TS_SANITY_Is_brlan0_Up,TS SANITY Is brlan0 Up
RDKB-1087,TS_SANITY_Is_CoreCCSP_UP,TS SANITY Is CoreCCSP UP
RDKB-1088,TS_SANITY_Is_wan0_Up,TS SANITY Is wan0 Up
RDKB-1089,TS_SANITY_Is_l2sd0_Up,TS SANITY Is l2sd0 Up
RDKB-1090,TS_SANITY_Is_erouter0_Up,TS SANITY Is erouter0 Up
RDKB-1091,TS_LMLite_CheckConnectedDeviceNumber_InBridgeMode,TS LMLite CheckConnectedDeviceNumber InBridgeMode
RDKB-1092,TS_LMLite_CheckHostNumberOfEntries_IfBridgeMode,TS LMLite CheckHostNumberOfEntries IfBridgeMode
RDKB-1093,TS_LMLite_CheckLANClientIPAddress,TS LMLite CheckLANClientIPAddress
RDKB-1094,TS_LMLite_CheckLANClientPhysAddress,TS LMLite CheckLANClientPhysAddress
RDKB-1095,TS_LMLite_CheckLANClientsActiveOrNot,TS LMLite CheckLANClientsActiveOrNot
RDKB-1096,TS_LMLite_CheckLayer1Interface,TS LMLite CheckLayer1Interface
RDKB-1097,TS_LMLite_CheckWANMacAddress,TS LMLite CheckWANMacAddress
RDKB-1098,TS_LMLite_GetIPv4AddressNumberOfEntries,TS LMLite GetIPv4AddressNumberOfEntries
RDKB-1099,TS_LMLite_GetIPv6AddressNumberOfEntries,TS LMLite GetIPv6AddressNumberOfEntries
RDKB-1100,TS_LMLite_GetLeaseTimeRemaining,TS LMLite GetLeaseTimeRemaining
RDKB-1101,TS_LMLite_NWDeviceStatus_Enabled_SetHigherPollingPeriod,TS LMLite NWDeviceStatus Enabled SetHigherPollingPeriod
RDKB-1102,TS_LMLite_NWDeviceStatus_Enabled_SetHigherReportingPeriod,TS LMLite NWDeviceStatus Enabled SetHigherReportingPeriod
RDKB-1103,TS_LMLite_NWDeviceStatus_GetPollingPeriodAfterOverrideTTL,TS LMLite NWDeviceStatus GetPollingPeriodAfterOverrideTTL
RDKB-1104,TS_LMLite_NWDeviceStatus_GetReportingPeriodAfterOverrideTTL,TS LMLite NWDeviceStatus GetReportingPeriodAfterOverrideTTL
RDKB-1105,TS_LMLite_NWDeviceStatus_SetInvalidDevicesStatusPollingPeriod,TS LMLite NWDeviceStatus SetInvalidDevicesStatusPollingPeriod
RDKB-1106,TS_LMLite_NWDeviceStatus_SetInvalidDevicesStatusReportingPeriod,TS LMLite NWDeviceStatus SetInvalidDevicesStatusReportingPeriod
RDKB-1107,TS_LMLite_NWDeviceStatus_SetReportingPeriodLessThanPollingPeriod,TS LMLite NWDeviceStatus SetReportingPeriodLessThanPollingPeriod
RDKB-1108,TS_LMLite_NWDevicesTraffic_SetInvalidPollingPeriod,TS LMLite NWDevicesTraffic SetInvalidPollingPeriod
RDKB-1109,TS_LMLite_NWDevicesTraffic_SetInvalidReportingPeriod,TS LMLite NWDevicesTraffic SetInvalidReportingPeriod
RDKB-1110,TS_LMLite_NWDevicesTraffic_SetReportingPeriodLessThanPollingPeriod,TS LMLite NWDevicesTraffic SetReportingPeriodLessThanPollingPeriod
RDKB-1112,TS_WEBUI_CheckDefaultWPS,TS WEBUI CheckDefaultWPS
RDKB-1113,TS_WEBUI_CheckDefaultUpnpStatus,TS WEBUI CheckDefaultUpnpStatus
RDKB-1114,TS_WEBUI_DisableDmz,TS WEBUI DisableDmz
RDKB-1115,TS_WEBUI_RestoreFactorySettings,TS WEBUI RestoreFactorySettings
RDKB-1116,TS_WEBUI_CheckDhcpv4ServerStatus,TS WEBUI CheckDhcpv4ServerStatus
RDKB-1117,TS_WEBUI_CheckDhcpClientStatus,TS WEBUI CheckDhcpClientStatus
RDKB-1118,TS_WEBUI_CheckWifiStatus,TS WEBUI CheckWifiStatus
RDKB-1119,TS_WEBUI_DisablePortForwarding,TS WEBUI DisablePortForwarding
RDKB-1120,TS_WEBUI_DisablePortTriggering,TS WEBUI DisablePortTriggering
RDKB-1121,TS_TAD_API_Ping_GetState,TS TAD API Ping GetState
RDKB-1122,TS_TAD_API_Ping_SetCfg,TS TAD API Ping SetCfg
RDKB-1123,TS_TAD_API_PingStart,TS TAD API PingStart
RDKB-1124,TS_TAD_API_PingStop,TS TAD API PingStop
RDKB-1125,TS_TAD_API_Traceroute_GetState,TS TAD API Traceroute GetState
RDKB-1126,TS_TAD_API_Traceroute_SetCfg,TS TAD API Traceroute SetCfg
RDKB-1127,TS_TAD_API_TraceRouteStart,TS TAD API TraceRouteStart
RDKB-1128,TS_TAD_API_TraceRouteStop,TS TAD API TraceRouteStop
RDKB-1129,TS_TAD_Download_CheckResultParam,TS TAD Download CheckResultParam
RDKB-1130,TS_TAD_Download_HTTPSURL,TS TAD Download HTTPSURL
RDKB-1131,TS_TAD_Download_SetInvalidDiagnosticsState,TS TAD Download SetInvalidDiagnosticsState
RDKB-1132,TS_TAD_Download_SetNoInterface,TS TAD Download SetNoInterface
RDKB-1133,TS_TAD_GetDownloadDiagnosticsState,TS TAD GetDownloadDiagnosticsState
RDKB-1134,TS_TAD_GetIPPingDiagnosticsState,TS TAD GetIPPingDiagnosticsState
RDKB-1135,TS_TAD_GetNSLookupDiagnosticsState,TS TAD GetNSLookupDiagnosticsState
RDKB-1136,TS_TAD_GetTraceRouteDiagnosticsState,TS TAD GetTraceRouteDiagnosticsState
RDKB-1137,TS_TAD_GetUploadDiagnosticsState,TS TAD GetUploadDiagnosticsState
RDKB-1138,TS_TAD_IPPing_CheckAvgResponseTime,TS TAD IPPing CheckAvgResponseTime
RDKB-1139,TS_TAD_IPPing_CheckAvgResponseTime_ForInvalidHostName,TS TAD IPPing CheckAvgResponseTime ForInvalidHostName
RDKB-1140,TS_TAD_IPPing_CheckDiagnosticsState_ForInvalidHostName,TS TAD IPPing CheckDiagnosticsState ForInvalidHostName
RDKB-1141,TS_TAD_IPPing_CheckDiagnosticsStateAfterReboot,TS TAD IPPing CheckDiagnosticsStateAfterReboot
RDKB-1142,TS_TAD_IPPing_CheckSuccessCount,TS TAD IPPing CheckSuccessCount
RDKB-1143,TS_TAD_IPPing_ClearDiagnosticsState,TS TAD IPPing ClearDiagnosticsState
RDKB-1144,TS_TAD_IPPing_ClearSuccessCount,TS TAD IPPing ClearSuccessCount
RDKB-1145,TS_TAD_IPPing_GetDiagnosticsState,TS TAD IPPing GetDiagnosticsState
RDKB-1146,TS_TAD_IPPing_SetInvalidDiagnosticsState,TS TAD IPPing SetInvalidDiagnosticsState
RDKB-1147,TS_TAD_IPPing_SetInvalidinterface,TS TAD IPPing SetInvalidinterface
RDKB-1148,TS_TAD_IPPing_SetNoHostName,TS TAD IPPing SetNoHostName
RDKB-1149,TS_TAD_NSLookup_ClearResult,TS TAD NSLookup ClearResult
RDKB-1150,TS_TAD_NSLookup_CompareNumberOfRepetitionsandEntries,TS TAD NSLookup CompareNumberOfRepetitionsandEntries
RDKB-1151,TS_TAD_NSLookup_SetNoInterface,TS TAD NSLookup SetNoInterface
RDKB-1152,TS_TAD_SelfHeal_Lighttpd,TS TAD SelfHeal Lighttpd
RDKB-1153,TS_TAD_SelfHeal_LMLite,TS TAD SelfHeal LMLite
RDKB-1154,TS_TAD_SelfHeal_PandM,TS TAD SelfHeal PandM
RDKB-1155,TS_TAD_SelfHeal_PSM,TS TAD SelfHeal PSM
RDKB-1156,TS_TAD_SelfHeal_tr069,TS TAD SelfHeal tr069
RDKB-1157,TS_TAD_SetTraceRoute,TS TAD SetTraceRoute
RDKB-1158,TS_TAD_TraceRoute_CheckAvgResponseTime,TS TAD TraceRoute CheckAvgResponseTime
RDKB-1159,TS_TAD_TraceRoute_CheckAvgResponseTime_ForInvalidHostName,TS TAD TraceRoute CheckAvgResponseTime ForInvalidHostName
RDKB-1160,TS_TAD_TraceRoute_CheckRoundTripTimes,TS TAD TraceRoute CheckRoundTripTimes
RDKB-1161,TS_TAD_TraceRoute_ClearResult,TS TAD TraceRoute ClearResult
RDKB-1162,TS_TAD_TraceRoute_ExceedMaxHopCount,TS TAD TraceRoute ExceedMaxHopCount
RDKB-1163,TS_TAD_TraceRoute_SetInvalidDiagnosticsState,TS TAD TraceRoute SetInvalidDiagnosticsState
RDKB-1164,TS_TAD_TraceRoute_SetInvalidInterface,TS TAD TraceRoute SetInvalidInterface
RDKB-1165,TS_TAD_TraceRoute_SetInvalidNumberOfTries,TS TAD TraceRoute SetInvalidNumberOfTries
RDKB-1166,TS_TAD_TraceRoute_SetNoHostName,TS TAD TraceRoute SetNoHostName
RDKB-1167,TS_TAD_UDPEchoConfig_CheckIfSuccess,TS TAD UDPEchoConfig CheckIfSuccess
RDKB-1168,TS_TAD_UDPEchoConfig_ClearResult,TS TAD UDPEchoConfig ClearResult
RDKB-1169,TS_TAD_UDPEchoConfig_InvalidInterface,TS TAD UDPEchoConfig InvalidInterface
RDKB-1170,TS_TAD_UDPEchoConfig_InvalidPort,TS TAD UDPEchoConfig InvalidPort
RDKB-1171,TS_TAD_UDPEchoConfig_InvalidUDPRequest,TS TAD UDPEchoConfig InvalidUDPRequest
RDKB-1172,TS_TAD_UDPEchoConfig_TestAfterDisable,TS TAD UDPEchoConfig TestAfterDisable


